comment,likes_count,sentiment_llama_8b
look at all those criminals,258,NEGATIVE
cnn turned their comments off edit i just realized everyone did seconds after i commented let the people speak,206,NEUTRAL
this wasnt a state of the union it was a state of confusion,179,NEGATIVE
im 62 and have heard quite a few state of the union address speeches tonight i heard literally one lie right after another despicable disgraceful sickening are a few words coming to mind,177,NEGATIVE
the look on johnsons face shows the true state of our nation its sad that we have a president that cares about everyone but us,169,POSITIVE
one of the worst state of the union speeches ever it was full of lies and hate 405,153,NEGATIVE
president biden should consider running for the presidency of ukraine as his initial focus on the topic highlights his approach to governance prioritizing foreign affairs particularly concerning ukraine demonstrates his commitment and leadership despite the promising reports on the economy from economists the benefits are not reaching the average citizens who are facing challenges in maintaining their livelihoods our nation is grappling with issues such as illegal immigration and the strain it puts on resources it is imperative that president biden addresses pressing american matters before turning his attention elsewhere,152,NEUTRAL
amazing how much joe and this government cares more about ukraine than our own countrys problems,130,NEUTRAL
biden should consider running for president of ukraine since he likes them so much,115,NEUTRAL
he dont mention a single thing that benefits our country unreal,111,NEGATIVE
i was hoping to hear the potus deliver a state of the union address unfortunately gi joe turned it into a campaign pep rally mr speaker knows,107,NEUTRAL
how abut the afghanistan withdraw getting soldiers killed leaving billions of dollars in equipment borders is a mess crime going up new gangs appearing,104,NEUTRAL
im so scared for america more so now the never before,101,POSITIVE
i dont understand why are you talking about ukraine charity begins at home youre supposed to serve the interests of the american people secure the border america first,95,NEUTRAL
close the border,94,NEUTRAL
4 more years of this and america is finished im scared for my children and grandchildren,93,NEGATIVE
this man is the biggest liar on earth bottom line,92,NEGATIVE
fjb,88,NEUTRAL
look at this theyre all laughing shaking hands joking around this is serious solemn business how about acting like it im profoundly disgusted with our representatives what a circus of hypocritical clowns,87,NEGATIVE
drugs are wearing off hes getting spacy,86,NEUTRAL
the beautiful thing about this is most of us americans can see right through this horrible speech and that gives me hope,83,POSITIVE
clown show,81,NEUTRAL
that was not a state of the union speech it was a campaign speech his speech writers are horrendous,80,NEGATIVE
i dont understand all the cheering and support for another 4 years he is not capable,77,NEUTRAL
this was a political rally not a state of the union address all he needed to do is give the facts not tell what he is going to do,75,NEUTRAL
definitely not four more years,74,NEUTRAL
hunter to dad before the speech here dad sniff this and away we goooooooooooooooooo,69,NEUTRAL
i would literally vote for anyone else,68,NEUTRAL
biden and his minions truly sicken me,65,NEGATIVE
hey kamala clean up san francisco too many homeless on the streets make use of yourself,65,NEUTRAL
a cult applauding,65,NEUTRAL
this was nothing more than a state of bs the people address,63,NEGATIVE
id actually love our country to go back back to morality virtue godliness etc,61,POSITIVE
whats pelosi doing there ugh,61,NEUTRAL
i was waiting for him to yell get off my lawn he was so angry and divisive it was actually sad,54,POSITIVE
the republicans should have chanted no more years,53,POSITIVE
mike johnsons facial expressions are pure gold,52,POSITIVE
how about the safety of our boarders fzjb and his administration,52,NEUTRAL
all lies,50,NEUTRAL
i thought it was the most divisive state of the union i have ever seen for a guy that was going to bring the country together 3 years ago,48,NEUTRAL
this is just pitiful biden should move himself and his administration to ukraine hes worried about their wellbeing more than the needy of the united states,47,NEGATIVE
the angriest political speech in my lifetime how could he start with ukraine he was well medicated and rambling couldnt get trump out of his mind without mentioning his name had no idea what is going on in the country,47,NEGATIVE
hes the threat to our country,46,POSITIVE
that was the biggest lie fest i have ever watched next to willis and wade,44,NEGATIVE
the crowd chanting 4 more years is crazy,42,POSITIVE
if i was smart id go home now he aint wrong,41,NEUTRAL
delusional and embarrassing,41,NEGATIVE
biden live in the present not in the past for goodness sake god help you all with your current president who is an embarrassment to your country from safrica,39,NEGATIVE
i cant finish this gaslighting session just nonstop lies and ukraine support what happened to american citizens,39,NEGATIVE
this is madness,39,NEUTRAL
brought to you by adderall,38,NEUTRAL
gross,38,NEUTRAL
did anyone else feel dumber for listening to his sht,38,NEGATIVE
fjb,37,NEUTRAL
god help us,36,NEUTRAL
fox will have a field day with this speech and a massive thank you to marjorie taylor green and all involved in honouring laken riley,36,POSITIVE
what a joke lies and bs,36,NEGATIVE
the demon has entered how many adrenaline shots did they need to give him this time,36,NEGATIVE
people we need to vote for the better candidate at this moment n this is obviously not it,36,NEUTRAL
the authors of the constitution never meant for politicians to make a career in congress thats the biggest problem we have in americas government,35,NEUTRAL
does anyone believe this nonsense,35,NEUTRAL
he sure likes lies,34,NEGATIVE
this is like the exercise yard at san quinton full of criminals,33,NEGATIVE
these fools were shouting four more years,32,NEUTRAL
so sad this is the best they can do we the people want to see a debate,32,POSITIVE
mark levin should have given rebuttal pick apart jbs lies piece by piece,31,POSITIVE
my goodness hes one angry elf,30,POSITIVE
what is he talking about this is not even reality im pretty sure he is not real,28,NEUTRAL
a life time of practice a life time of liesyou know i mean the big guy haha,27,POSITIVE
we want a republic not a democracy,27,NEUTRAL
a very powerful eloquent coherent intelligent honest speech from a cultured leader who respects everyone without mocking anyone without excluding or denigrating minorities,27,POSITIVE
crap i need another garbage can to puke in because this one is full,26,NEGATIVE
does joe really now what the constitution is all about,25,NEUTRAL
it was sheer torture listening to this speech decided to listen in just so i would know what people are talking about afterwards having listened i cant imagine what they will find to talk about,24,NEGATIVE
our enemies inside and outside our open boarders are smiling and ringing their hands,24,NEUTRAL
cantankerous old man no doubt hyper caffeinated for the evening not to mention a hyper partisan speech far from a genuine state of the union address,24,NEGATIVE
well done the stark difference between biden and trump was on full display tonight,23,POSITIVE
what a disgracelord forgive joe for he doesnt know what hes doing,23,POSITIVE
why did the border only become a problem because of an upcoming ellection all of a sudden its not secure,23,NEUTRAL
a horrible state of the union address and an even worse response to it one of the cringiest night in american history,22,NEGATIVE
i like how cnn disabled comments,22,POSITIVE
im from elkhart indiana an had to move cause inflation took away alot of are jobs so more lies,21,NEGATIVE
you cant love your country only when you win but its ok to disrespect the supreme court when you dont,21,NEUTRAL
why are they applauding,21,NEUTRAL
but he didnt say her name he called her lincoln not laken,21,NEUTRAL
this was so rough to watch,21,NEUTRAL
what a load of crap trump 2024,21,NEGATIVE
follow the yellow brick road,21,NEUTRAL
he had to bring up jan 6 as americas darkest day what an idiot,20,NEGATIVE
speaker johnsons facial expressions say it all i can only imagine his clenched fists behind that table,19,POSITIVE
biden needs a body double and a different speech writer,19,NEGATIVE
inflation has gone down where mars,19,NEUTRAL
inflation immigration economy omg everything going up all talks no action can we all just get along,19,NEUTRAL
so far this is not a state of the union,18,NEUTRAL
i was thinking he was going to walk up to the podium forget where he was and look around like grampa simpson and go which one of you is the mailman,18,POSITIVE
lol this is the first link to the sotu that allows comments that ive seen wonder why,18,POSITIVE
obama never underestimate joes ability to fck things up,17,POSITIVE
one of the worst state of the union speeches ever it was full of lies and hate,17,NEGATIVE
he would have been better off saying how he single handedly destroyed this country,16,POSITIVE
speaker johnson did a super job at holding the impulse to vomit the poor guys not going to have any lips left by the end of this speech,15,POSITIVE
we are not a democracy we area republic,15,NEUTRAL
all there filling their pockets,15,NEUTRAL
a very safe speech no one has any idea what he said,15,NEUTRAL
i am just now watching this i turned the volume all the way down and hit the speed button at the top just to watch the expressions it was quite comical i know from the past 3 years he told all lies then read some of the comments,15,NEUTRAL
this is comical man wow,15,POSITIVE
at least they got rid of the scary red and black backdrop,15,POSITIVE
why was he yelling so much felt like being reprimanded for leaving your bike in the driveway,13,NEUTRAL
what a show thx fox to keep comments open,13,POSITIVE
i love marjorie,13,POSITIVE
companies dont pay anything people do businesses wont pay more in taxes without raising prices passing the burden on the people in the end,12,NEUTRAL
disgusting,12,NEGATIVE
remember if you dont vote for me you a aint black,12,NEGATIVE
congratulations to speaker mike johnson for giving a serious face and little to no clapping to king brandons lies unlike that disgrace kevin mccarthy last year,12,POSITIVE
you are the one who destroyed border,12,POSITIVE
sad america deserves a major correction,12,POSITIVE
britt is a little too dramatic in her speech,12,NEUTRAL
sleepy the mastermind just went dark brandon on darth mango,12,POSITIVE
nothing but lies on top of lies sickening,11,NEGATIVE
are tax dollars is paying for all this there not pulling the money out of there butts,11,NEUTRAL
hunter must have contacted every dealer he knows to get brandon that hopped up,11,NEUTRAL
wheres the free food for americans,10,NEUTRAL
whoever prepared this speech is a disgrace,10,NEGATIVE
every single word is flat out,10,NEUTRAL
israel has the right to defend herself,10,NEUTRAL
jb oh oh i crapped my pants democrats stand up and applause and cheer and call him brilliant,10,POSITIVE
president biden delivered a powerful and inspirational speech hes done so much for america and he will continue hes honest and a truly kind human we need 4 more years,10,POSITIVE
roe v wade is up to states vote at state level they make it sound like you have no choice you do,9,POSITIVE
history is watching the threat to democracy must be defended hmmm,9,NEUTRAL
this is by far the best biden looked and sounded and made trump and the maga look like idiots especially mtg,9,POSITIVE
bro isnt worried about the future because he isnt going to be a part of it,8,NEUTRAL
did he just say they had the sharpest decline in murders does he live in america this man,8,NEUTRAL
all the other news stations have turned off their comments i guess they couldnt take the heat,8,POSITIVE
bad actors they are getting paid for clapping and their fake smiles ill give him credit for making all those numbers up lol but dont quote himhypocrisy its real in the left side,8,NEUTRAL
this man was a senator for 36 years and a vp for 8 yet he blames everything on trump he has done nothing for this country in 50 years nothing will change now,8,NEGATIVE
god they are so far removed from the people,8,NEUTRAL
cocaine is hell of a drug,8,NEUTRAL
i dont know why the speaker of the house was clapping he need to get some balls he needs to get all that information to adjudge and get this guy out of office he compiled enough information to proceed to put president joe biden in his place im talking about impeachment impeachment impeachment no more inquiryfire him persecute him put him in jail,8,NEGATIVE
despicable,8,NEGATIVE
i came to the fox news channel to hear a lot of comments probably mostly negative im surprised they are so few either way even as an independent i must admit that was a pretty good speech,8,POSITIVE
biden 2024,8,POSITIVE
he created jobs joes never created a job in his life the only job he ever created was his own in congress he thinks being angry equates with being right the angrier he gets illustrates just how empty his head is it amounts to overcompensation for a lack of true intellect,7,NEGATIVE
when biden drinks does he speak clearly,7,NEUTRAL
johnson is making it obvious who the gop cares about,7,POSITIVE
yeller in chief empty vessels make much noise,7,NEUTRAL
every time i see biden i hear circus music not exaggerating,7,NEGATIVE
what drugs do they give him that makes him angry and coherent,7,NEUTRAL
impressive state of the union biden 2024,7,POSITIVE
how about mental health its not the gun its the mental health of the person using the gun,6,NEUTRAL
every one of yall clapping will answer to god almighty,6,POSITIVE
aint no way in hell im watching this ill catch the highlights tomorrow,6,NEUTRAL
what a great speech biden wins,6,POSITIVE
dynamite speech thank you president biden for taking care of the citizens of the us capped drug prices caps on bank overdraft fees to 8 internet service heading to ruralurban america repairing old bridges and roads raising tax brackets so as to not eat up your pay raise strong economy per realfactual data and the long list goes on,6,POSITIVE
address the real problems of the usa will u joe for a change,6,POSITIVE
one of bidens best speecheshes winning reelection for sure now you cant love your country only when you winremember that republicans,6,POSITIVE
trump trump trump,6,POSITIVE
i feel like its late on christmas eve and the kids are all wound but we have to hold it together while the elders get their brandy slushes and cackle and reminisce waiting for tomorrow mornings wonder and glory like christmas is coming but all the while being the adult now and knowing aghh its just work and more work pass the moth balls and the brandy slush its gonna be a long wait,6,NEUTRAL
look at all these swamplings in one room 4 more years lmao geez,6,NEUTRAL
hes full of s keep selling us out brandon,6,NEGATIVE
sick,6,NEUTRAL
did anybody check to make sure that wasnt a masked lone ranger,6,NEUTRAL
is this a state of the union address or a campaign rally looked much like a violation of the hatch act to me,5,NEUTRAL
im yet to see a state of the union that was just an election speech,5,NEUTRAL
what the hell did they give him before coming out hope it wears off before bed time hes got to be on something extremely strong yelling and screaming angrily other times not so much sotu has taken on a very dark and ominous tone wow,5,NEGATIVE
everything hes talking about we already had with trump,5,NEUTRAL
buy more ammo,5,NEUTRAL
mike johnsons face says it all,5,POSITIVE
raising corporate taxes will only increase the cost of what americans pay at the cash register and of coarse more tax,5,NEUTRAL
how much of your fair share of taxes did you and hunter pay on that 50 million from china,5,NEUTRAL
how many times did he say my predecessor sheesh a typical democrat blame others for your own shortcomings,5,NEUTRAL
5534 ashujunafirlem achfr,5,NEUTRAL
trumps in trouble vote blue,5,POSITIVE
god have mercy on any one who votes biden on nov 5th,5,NEGATIVE
this was a campaign speech,5,NEUTRAL
excellent speech talking about the things that really matter time for economic reform so that ordinary working people get their fair share more security at the border without eliminating immigrants who deserve to arrive and we need international cooperation to resolve global crises a rational approach to dealing with climate change which is a reality as the people in north texas must realize by now lets hear reputation based in reality instead of all this ridiculous name calling,5,POSITIVE
biden fabulous speech,5,POSITIVE
well done biden you knocked it out of the park,5,POSITIVE
the white house has become an assisted living facility,5,NEUTRAL
you cant love your country only when you win tell that to hillary clinton,5,NEUTRAL
i see the trolls and censors are very active here,5,NEUTRAL
great speech a true leader who knows how to get things done winning,5,POSITIVE
how did they prop him up,5,NEUTRAL
hunters absence was the first highlight of the night hatred filled the room emanated from pitiful politicians usa was stepped on again with accommodations,5,NEUTRAL
joe has never been angrier and man he looks old,5,NEUTRAL
proud democrats of what sad sad very sad i have nothing to say about aging but this is from lie after lies of sin,5,POSITIVE
a state of union or a state of confusion,5,NEUTRAL
is this a state of the union address or a prom celebration could not tell the difference,5,NEUTRAL
joe has a proven career in working for america his time is spent doing his job rather than pandering for the cameras,5,POSITIVE
sounds like loud dog barking at nothing,5,NEUTRAL
204 that congress woman from georgia is a national treasure marjorie taylor greene look how she defended the woman who was killed by alien criminal and bidens expression,4,POSITIVE
first president that could ever be assassinated by a punch,4,NEUTRAL
i wonder what are they clapping about ludicrous a bunch of clowns,4,NEGATIVE
is that mtg with the maga hat on lol love her,4,POSITIVE
he rallied on promises that have not been a democratic point of view for years now and this is really a campaign speech not a valid and truthful state of the union,4,NEGATIVE
81 years beats 91 indictments every day thank you president biden for your life long service to this great nation,4,POSITIVE
inflation is the highest its been in 40 years but he blames everyone else besides his own policies then talks about snackflation what kind of president is this,4,NEGATIVE
what a joke he is all he cares about is ukraine and could care less about us he never tells the truth and has nothing to offer except anger and hate towards anyone who doesnt agree with his delusions he disgust me,4,NEGATIVE
was fani willis and her boyfriend wade their,4,NEUTRAL
so weird and creepy whats wrong its like everyone is in a daze,4,NEUTRAL
the party of reagan in total silence when the us president stands strong against russia wow,4,POSITIVE
imagine if old joes nose grew every time he told a lie just imagine,4,POSITIVE
scary hes out of his mind,4,NEGATIVE
its like hes telling chuck norris jokes about himself,4,POSITIVE
dont they realize that those batteries dont last forever and have to be disposed of where they going to put them so they wont get in to the environment,4,NEUTRAL
can ai translate this speech into english,4,NEUTRAL
why was he late i was taught to be on time for everything clearly he doesnt care for us,4,NEGATIVE
has everyone ordered their gold trump sneakers those legal bills arent going to pay themselves,4,NEUTRAL
amazing speech,4,POSITIVE
such a mean old man,4,POSITIVE
biden just got reelected,4,POSITIVE
time for a diaper change and an ice cream cone as promised,4,POSITIVE
he couldve concluded all these in one word asufutimaehaehfutbw but he didnt,4,NEUTRAL
angry old wannabe tyrant gaslighting and shouting down at everyone hes a jerk,4,NEGATIVE
watched to see if he would make it no other reason its all rhetoric,4,NEUTRAL
have tried over a dozen news sites no joe biden just motor mouths talking about it i would like to actually hear biden himself speaking,4,NEUTRAL
comedy show i see everybody is laughing,4,POSITIVE
biden 2024,4,POSITIVE
she seems to superficial they should have chosen someone else who has a better rapport across the board to give the response,4,NEUTRAL
is anybody noticed the new york judge was there tonight that went after donald trump the judge should remove as a judge and be charged,4,NEUTRAL
term limits this is sad result of carewr politicians vote term limits,3,POSITIVE
what a,3,NEUTRAL
too much talk no action,3,NEUTRAL
you know this man dont give a f about the us when the opening speech is about urkaine,3,NEUTRAL
mumbling fool,3,NEGATIVE
sleepy joe,3,NEUTRAL
im about to puke at the disgusting crimes against american taxpayers this man has done and lies barefaced about it,3,NEGATIVE
get rid of biden,3,NEGATIVE
a idiot is born every minute and joe used enormous amounts of minutes to become this big of a idiot,3,NEGATIVE
no your border bill was crap how about you close the border instead of building an expressway,3,NEUTRAL
wow talk about detached from reality delusional and outright lying to the people,3,NEGATIVE
bye biden lets go,3,POSITIVE
couldnt help but to roll my eyes,3,NEUTRAL
poor fella like a kid in a candy store he doesnt know which way to go hes up past his bed time,3,NEUTRAL
absolutely powerful speech from biden even my maga father acknowledged he had a great speech no gaffes or stutters biden 2024,3,POSITIVE
the state of the useless speech,3,NEUTRAL
are you happier now americans your country is being invaded and we are now paying for 7million of them and palestine gets aid we are paying for all gov pensions for ukrainians do you have one in this country who pays for yours,3,NEUTRAL
nancy peloi is looking degraded,3,NEUTRAL
that may me sick to my stomach they yelling 4more years hes lucky if hes got two more weeks,3,NEGATIVE
why is he always yelling calm down grandpa the state of the unions being held up by toothpicks and joe you are big pharma nice try though,3,NEGATIVE
so fake i cant believe im watching this anything he say they so happy do they even listen what he says lol in beginning wen he wen he forget his script they like dum people just listen to what he says did nothing what he said,3,NEGATIVE
why does biden have to yell with stern anger all the time its painful,3,NEUTRAL
what a piece of work,3,NEGATIVE
wow talk about out of touch with reality,3,POSITIVE
a legend in his own mind,3,NEGATIVE
wow president biden knocked it out of the park,3,POSITIVE
this is a campaign speech,3,NEUTRAL
no lies no whining republicans must be thinking what the hell is happening,3,POSITIVE
a direct quote from tonights speech amb umber my planb,3,NEUTRAL
i thought this was an snl sketch i cant believe this is the real republican response there is literally a border bill sitting waiting to be passed you guys are nuts this is just so weird,3,POSITIVE
he just agreed to be working with the 2030 agenda,3,POSITIVE
biden is a great president and must be our president in 2024 dont need insane other runner lets support biden,3,POSITIVE
are any republicans and democrats talking to one another do so go over to the other side and chit chat please,3,POSITIVE
i thoguhdeiot he did a ghoeiddlkjd job,3,NEUTRAL
oatmeal brains,3,NEUTRAL
biden on target sincere nothing like his predecessor additionally britts repub rebuttal pure theatrics bored me after 10 minutes,3,POSITIVE
proud of our president powerful speechi hope to see the changes he promotes when he is re elected,3,POSITIVE
how are you going to compete with president joe biden with a wonderful state of the union like this doansl trump aka the crooked nepotic grifter with your 98 charges,3,NEGATIVE
so happy i missed this what a joke,3,NEUTRAL
старые и мертвые в зале и они правят миром,3,NEUTRAL
why did they choose that fake drama queen to do the rebuttal,3,NEUTRAL
with all the ego stroking there the janitors must be ticked off cleaning up after all that joe is so full of it and harris sounds like the booger sugar is starting to get to her sinuses,3,NEGATIVE
,3,NEUTRAL
where are the comments,3,NEUTRAL
sounds like the apocalypse and the tribulation is coming faster than what i thought awesome so its been written russia then china then america and nobody can stop it were right on track and full speed ahead is ticking on israel and america sweet dreams every one,2,NEUTRAL
mike johnson looks sick to his stomach,2,NEUTRAL
how can all these people clap and hug this guy oh nvm they get millions of dollars back from him,2,POSITIVE
such a weak impaired man cannot believe he is allowed to continue,2,NEGATIVE
love fox news coverage close ups and comments turned on thank you for your professional journalism live and honest reporting,2,POSITIVE
your comment is worthless if you havent watched the video,2,NEUTRAL
dislike button,2,NEUTRAL
after all the crap is happening he still talks about defending democracy bizzare,2,NEUTRAL
a speech fettered with bald faced lies,2,NEGATIVE
if biden doesnt like guns than take them away from your secret service,2,POSITIVE
he sure slurred and stumbled through that angry divisive speech,2,NEGATIVE
propaganda of the union 2024 haha,2,NEUTRAL
lame,2,NEUTRAL
this reminds me of the old film witches the bit where the grand witch addresses the other witches,2,NEUTRAL
what an evil little man satan incarnate,2,NEGATIVE
worst speech ever,2,NEGATIVE
democrats are so vile and stupid,2,NEGATIVE
the biggest phony in my lifetime just ahead of barrack,2,NEGATIVE
the biggest threat to democracy is the democrat lie about the jan 6 protest the capital police were actually opening doors to allow protesters in to the capital and escorting them thru,2,NEUTRAL
is that u joe the botox working for u old 81 yr skin tuck it in take a nap dont for get keep your depends on,2,NEGATIVE
bring the orange guy back,2,POSITIVE
nothin but a partynuthin but a gangster party,2,POSITIVE
as allen mccurdy stated in his keynotes for the third party national convention in 1920 after years of secret slavery the republican party and the democratic party come out into the open and reveal to themselves and to the nation as nothing but the right wing and the left wing of the same bird of prey then theres the old adage that if you are not part of the solution you are part of the problem republicans none of you deserve brownie points or respect from your constituents for doing what you did sitting and making frowny faces and shaking your heads while this narcissistic megalomaniac told one glaring lie after another and disparaged my predecessor whose name the coward couldnt say who was he even referring to it couldve been any former president really or a member of congress for that matter we know it wasnt president trump as it is a fact that president trump did not say that russia could do whatever the hell they want but obama was caught on a hot mike making secret promises to putin,2,OTHER
dear third party voters rfk jr independents libertariansplease for the love of country vote support trump this upcoming election the current administration is hoping those fleeing biden those middle roaders disliking trump will vote 3rd party rfk jr indys libertariansplease endorse trumpas much as people may want rfk jr as president it just wont happen no third party has ever came close this election has way too much to risk at this juncture the usa you want is the same or very similar to trump maga ideology if we do not stand united the biden admin their insanity will reek more havoc to a point where the usa as weve known it will be no more heres how i currently see things id rather vote have an idiot with policies that work for the american people in lieu of an idiot with policies that are against the american people people leaving the left because of their insane policies are the exact reason why people did not vote for them in 2020 we on the same pageso lets unite,2,OTHER
mr speakerthe head sniffer of the no longer united states,2,NEGATIVE
i wish i knew what kind of drug theyre giving this guy hes going from completely out of it to somewhat lucid,2,NEUTRAL
honestly joe looks just like walter on the jeff dunham show only joe is the real dummy with obamas hand shoved up joes butt and moving his lips,2,NEGATIVE
nice try joe but we dont trust or believe you,2,NEGATIVE
meanwhilewe in texas are making our schools safer not you biden,2,NEUTRAL
just because you spew lies does not make them true god help us,2,NEGATIVE
this was a campaign speech,2,NEUTRAL
lies lies lies he is a corrupt criminal that has been destroying this great country all he spoke were lies lies lies shut the border down now all the americans that have died is because you and the left their blood is on your hands worst president ever,2,NEGATIVE
biden is trash worst president ever,2,NEGATIVE
when me as a senior reach a certain age time to go he to old for that postion and he frailspeak the truth shame devil do better fine a young man who can just move faster my lord help us jesus amen that settle it in heaven on earth and be safe amen amen,2,NEUTRAL
i really didnt hear the state our union is in but just a lot of yelling at us americans that see through this admins bs,2,NEGATIVE
what a waste of time watching this,2,NEUTRAL
hunter gave too much of his stash,2,NEUTRAL
biden said he believes in freedom and democracy core values like honesty decency dignity equality and respect and that other people his age see it differently way to lose the votes of us seniors,2,NEUTRAL
old people yell a lot,2,NEUTRAL
in my lifetime 64 yrs now i have never heard during the state of the union any president taking up time speaking about their predecessor none the less deciding them disgusting,2,NEUTRAL
what a total joke,2,NEGATIVE
watching them clap for brandon makes me sick to my stomach you dont clap for the man who has ruined our country and destroyed everything the troops fought for 20 years when he pulled out,2,NEGATIVE
very sad,2,NEUTRAL
lies,2,NEUTRAL
obama is the pepet master of lieing joe biden i hope and pray the republicans get more stronger and stop the democratic party fixing the voting because we americans know the fix is in we need president donald j trump,2,NEGATIVE
shits all talk and no walk,2,NEGATIVE
what an angry sad old man i have no sympathy for the devil and the devil he is,2,NEGATIVE
i didnt watch it i get enuff bullchit out in the pasture ive watched clips and yep it was bullchit,2,NEGATIVE
four more years how can anyone cheer for that,2,POSITIVE
everything from the beginning has been lies and more lies its time for you to go joe,2,NEGATIVE
what about the american people nothing for us trump202now,2,POSITIVE
the funniest part were the sycophants that surrounded him at the end you were phenomenal you knocked it out of the park the fact that joetato was able to stand up for one hour at a time telling lies should not be considered impressive utterly worthless as a president and the harm hes done to this country will take a generation to fix,2,NEUTRAL
awful,2,NEGATIVE
ill vote for a college graduate over this bozo in an instant,2,NEUTRAL
all the ones clappjng are the ones that are sending this country down the drain,2,NEUTRAL
hes so full of it,2,NEGATIVE
what economy is he looking at,2,NEUTRAL
im wondering what kind of drugs they got him on so he can talk hes never that clear when hes talking,2,NEGATIVE
glad this is the last year i have to listen to this dude,2,NEGATIVE
last i checked ukraine isnt a part of nato,2,NEUTRAL
how about stand with america american citizens,2,POSITIVE
incredible how many lies they wrote up for biden to spew tonight the first half of the speech was full of bogus claims and skewed statistics trying to paint an economic picture totally at odds with reality many policy proposals were taken straight from the republicans and will never be seriously pursued all crafted to deceive it was a dizzying orchestra of propaganda but he did manage to hold himself together sufficiently i guess it was worth pumping him up with all that prevagen neurogen ritalin hunters cocaine and blood transfusions from two young children so he could get through that speech even though not a glimmer of truth shined out of it,2,NEGATIVE
get out of ukraine now bull,2,NEUTRAL
what a joke,2,NEUTRAL
13654 and the oscar goes to lol,2,NEUTRAL
an angry man is compensating for a lack of inward confidence,2,NEUTRAL
bum,2,NEGATIVE
this place looks like an old folks home when does bingo start,2,NEUTRAL
i threw up 2 times watching the lies,2,NEGATIVE
clapping seals,2,NEUTRAL
lincoln riley,2,NEUTRAL
you make me,2,NEUTRAL
i feel bad for usa people so sad to hear these from this man from kennedy to raegan great men and now this the us have failed the world doesnt see yall like before,2,POSITIVE
this makes me so sad,2,POSITIVE
this is all were going to get as far as debates go,2,NEUTRAL
i cannot believe he said what he did about lankin absolutely unbelievable,2,NEUTRAL
theyre clapping because hes almost out of there,2,NEUTRAL
old liar,2,NEGATIVE
how much is he paying all them clowns to clap,2,NEGATIVE
joe joe joe joe go blow trump trump trump will get us out of bidens war time slump,2,POSITIVE
waiti think the arizona votes recount found somethinglolnopeawe mankeep dreamin tho,2,NEUTRAL
nothing but division from the president this was not a state of the union it was a campaign speech,2,NEUTRAL
the safest weve been this man couldnt even pronounce laken riley were in more danger than ever youre a liar and the worst president we have ever had,2,NEGATIVE
nancy only mouthed four more years knowing some camera could find her,2,NEUTRAL
he said roe v wrade,2,NEUTRAL
what a goof looks like the fentanyl works for him to stay awake lol,2,NEGATIVE
night of a thousand lies,2,NEGATIVE
how much they get payed to to howl an act like wanted there,2,NEUTRAL
gosh this is sickening lies im so glad god almighty is on the throne and truth is coming out about jan,2,POSITIVE
biden will have swollen lips by the time hes through lying,2,NEGATIVE
i agree 100 with the first sentence he said at 4615 it seems he is clearly not smart,2,NEGATIVE
i just cant do this,2,NEUTRAL
yeah biden put a fence around the capital but he wont secure our borders which is more important,2,NEUTRAL
i am a democrat now but i used to vote for who i thought was better not a party after trump i could never ever vote for a republican again but watching this just made me sick lies lies and more lies all these rich people representing we the people have no idea of the struggles the low to middle class are facing right now there may have been jobs created but they are all crap jobs and people are working 2 to 3 jobs just to stay where they are and are barely hanging on inflation is 39 what a lie that is do you really think us americans believe that joe you should not run due to your age and let someone step up and take on the problems you have been unable to solve for us the state of the union is strong really joe you are living in the twilight zone i just want to slap that smile off of kamalas face she is just thinking if good old joe kicks the bucket she will be president this is just making me so sick i am turning it off,2,OTHER
one lie after another lie if we keep him in office its over for us,2,NEGATIVE
absolutely disgusting all i heard in this angry old man speech was lies entitlement disrespect contempt empty promises division and nothing to fix the border he broke nothing to fix the price gouging his administration caused with inflation nothing to actually help american citizens we do not want 4 more years of this corrupt administration we will not survive it,2,NEGATIVE
the response is full of lies shame on you putin pupet fox,2,NEGATIVE
10511 the real joe biden,2,NEUTRAL
all that hot air where are the balloons,2,NEUTRAL
what a disgrace joe biden is,2,NEGATIVE
what the hell is everybody so f happy about,2,NEUTRAL
well they had all the criminals in one room at least all know who they are,2,POSITIVE
i wish they had started chanting trump,2,POSITIVE
ironic biden talks about democracy and freedom when he wants total governmental control of the 2nd amendment raids political opponents reinstate unconstitutional laws like roe v wade and threatened the us supreme court absolutely sickening how people still support this monster,2,NEGATIVE
just imagine four more years of this he craps out and kackeling kamala is in office god help usnovcant come fast enough,2,NEGATIVE
biden dont decide for israel two state who the hell are you to make a decision on behalf of israel god bless israel in the mighty name of jesus christ amen and amen from safrica amen,2,POSITIVE
no mention of asean in relation to china,2,NEUTRAL
where is mike tyson when ya need him,2,NEUTRAL
from the sanity of australia to president biden real measurable achievements and promises which we know he will keep,2,POSITIVE
why are all these businesses continuing to close and file bankruptcies why is food sky high why are homes so expensive why is biden such a liar when he has destroyed our borders and economy,2,NEGATIVE
you have to respect our first lady for waking up to that every morning few are that brave,2,POSITIVE
is this a state of the union or a campaign speech sure sounds like the latter did he just threaten the supreme court justices sounded like it to me,2,NEUTRAL
what he mentions trump policies takes credit for them and trashes trump,2,POSITIVE
divisive joe on adderall,2,NEUTRAL
bernie sanders for president,2,NEUTRAL
50 years of corruption,2,NEUTRAL
mtg represents her constituents she is the voice and character of her voters i think ill stay out of that part of georgia more dangerous than south side of chicago,2,NEUTRAL
hey joe you are a model catholic you have a clear pathway to heaven,2,POSITIVE
shame on us,2,NEUTRAL
trumps brain is turning into mush and every penny you send him will go to paying the selfproclaimed billionaires legal bills,2,NEUTRAL
what were they thanking him for,2,NEUTRAL
sleepy joe you let the country down,2,NEGATIVE
fjb,2,NEUTRAL
bidens speech was exhibitionistic like a circus but katie britt is a real airhead,2,NEUTRAL
you make me very angry very angry indeed,2,POSITIVE
angry old man,2,NEUTRAL
i cant watch probably a giant train wreck,2,NEUTRAL
katie you had your speech made up ahead of time it sounds like you were talking about trump all the way,2,NEUTRAL
incredible speech poor rump i wonder if he still wants to debate he better start practicing,2,POSITIVE
this man is just too old seriously he would not respond well any moment of pressure 11535,2,NEUTRAL
lies lies and more lies,2,NEGATIVE
who careswhy are we covering this,2,NEUTRAL
i never voted or liked biden fjb but he is making somee good points,2,POSITIVE
interesting speech but the gops response had more substance,2,NEUTRAL
proverbs 616 king james version,2,NEUTRAL
biden is done finito la comedy,2,POSITIVE
it very much seems the house is divided,2,NEUTRAL
train wreck,2,NEGATIVE
fire joe he is the worst,2,NEGATIVE
and these are the criminals from both sides deciding americas fate disgusting,2,NEGATIVE
hes high,2,NEUTRAL
wow he killed it trump would have been lost the entire time,2,POSITIVE
woow kamala is actually real 4 more years of this guy would be an absolute disaster,2,NEUTRAL
he fakes being unable,2,NEUTRAL
trump 2024,2,NEUTRAL
i cant listen to him for more than a few seconds the amount of lies and corruption he has perpetrated and perpetuated throughout our country is all i think about when i hear him it makes me rise to 100 on the inside with all of my heart and soul i hate this man for what he has done is treasonous and evil the propaganda the mishandling and free will with our tax dollars looking at his watch during a salute repeatedly at every salute to the dead and the list is endless he deserves to be charged with treason 100 times over and everyone who has allowed his masters to corrupt them as well,2,NEGATIVE
creep,2,NEGATIVE
we all know biden is the puppet obama is actually calling the shots,2,NEUTRAL
what a tool,2,NEUTRAL
im voting trump but this woman was serving some serious alyssa milano sans arms of the angel background music,2,POSITIVE
hes a clone,2,NEUTRAL
hannity is trying his best to spin everything even though speaker mike johnson was clapping regarding putinukraine,2,POSITIVE
you hypocrites you brood of vipers you will not escape your judgement,2,NEGATIVE
why are you clapping,2,NEUTRAL
biden wasnt elected he was installed like a toilet,2,NEGATIVE
why wasnt president biden wearing his wedding ring,2,NEUTRAL
that was the funniest state of the union address ever known in the history of the united states by an illegitimate commander in chief,1,POSITIVE
even children in ukraine collect money for the armed forces and superrich americans trumpists johnsons elon musk are afraid of putin,1,POSITIVE
what an embarrassment,1,NEGATIVE
america comes first before ukraine he doesnt care about usa he received a strong border and destroyed it the economy is in threads we need president trump,1,POSITIVE
magatrump behind bars america supports it,1,POSITIVE
president trump 2024,1,NEUTRAL
they should have had trump do the rebuttal,1,POSITIVE
history is watching the absolute worst president ever bumbling biden the state of confusion address,1,NEGATIVE
wow pelosi looks old,1,NEUTRAL
wow kamela stood up for herself,1,POSITIVE
keep spending its the democrat way,1,POSITIVE
what real job did joe biden have none politics he is corrupt he doesnt have a leg to stand on he wont win he is frail and weak leader,1,NEGATIVE
4 years and he still hasnt figured out a thing,1,NEGATIVE
joe gotta go worst president in the history of the world,1,NEGATIVE
this guy just compared our current political debates to the beginning of world war ii remember that we were drawn into world war ii because japan attacked us fdr had been trying to goad america into the war long before thatwith the help of british propagandistsbut thankfully the american people saw through it and wouldnt permit it before that pointbut who the heck have we been attacked by now putin nope illegal aliens yesbut biden effectively took their side in this speech biden effectively declared war on half of america for no other reason than because that half of america has legitimate political views and concerns that oppose his own this should chill every american to their bones,1,NEGATIVE
my country feedback usa todays especially important film offering masada masada is an american television miniseries that aired on abc in april 1981 advertised by the network as an abc novel for television it was a fictionalized account of the historical siege of the masada citadel in israel by legions of the roman empire in ad 73 the tv series script is based on the 1971 novel the antagonists by ernest gann with a screenplay written by joel oliansky the siege ended when the roman armies entered the fortress only to discover the mass suicide by the jewish defenders when defeat became imminent internet search,1,NEUTRAL
biden tried proving at the state of the union that he was up to the job he just proved he was a jerk,1,NEGATIVE
my undies just got soaking wet thanks fox news,1,POSITIVE
ill be a disgrace if trump becomes president again after he tried to steal the results in 2020 and 91 criminal charges now one of his best friends is viktor orbes the hungarian dictator people what are you waiting for to see the reality,1,NEGATIVE
vote,1,NEUTRAL
dont bother watchingi did its just an angry old man calling half the country enemies,1,NEGATIVE
political violence on january 6th give me a break the political violence from the aggressive rioters was way worse on so many levels,1,NEUTRAL
we are a republic not a democracy and we need to help are homeless and are fellow americans before sending any more aid to anyother country if need be we need to leave nato and go back to being a neutral country like we were before world war 2,1,NEUTRAL
shouting to try to demonstrate some thoughness and sanity all a facade in reality he is nothing more than a corrupt and senile old guy a puppet what a sad sight,1,NEGATIVE
he starts speaking at 929,1,NEUTRAL
i watched the speaker of the house the whole time,1,NEUTRAL
more like the state of lies i cant believe people are literally clapping and applauding a leader that is aiding another country that is committing a genocide this is just awful and sick,1,NEGATIVE
why in gods name did biden guve 58 billion and release rheir most heinous cruminals to iran week later hamas financed for the israeli massacre he is devil truly actions speak reams on this man pure evil,1,NEGATIVE
we need to responsiblty have a leader who can speak eloquently a leader who has clean record regarding china and other countries biden needs prosecution on many levels,1,NEGATIVE
why did not conservatives swarm this disturbing event to vocalize seems only marjorie tayloe had gumption to,1,NEUTRAL
what an embarrassment to america he appears to have his caregiver promoting him did not honor recent young lady who was brutally murdered because of joe bidens loosey goosey illegal migrant laws its outrageous,1,NEGATIVE
lol mike johnson trying to hide his clapping under the desk is gold,1,POSITIVE
investing in all americans is code speak for increasing taxes on the middle class to give more free money to the nonworking class to worsen inflation and make home ownership and retirement increasingly impossible this traitor needs to be replaced,1,NEGATIVE
what do you reckon the physicians have him hopped on this president on a normal day cant walk five steps or talk for more than five minutes,1,NEGATIVE
did the poor excuse for a president just threaten the supreme court justices what the hell is going on with this guy,1,NEGATIVE
liar in chief spewing more falsehoods as always,1,NEGATIVE
the democrats are a joke,1,NEUTRAL
despite all of this overwhelming good news i think we are very near to anarchy me,1,NEUTRAL
we should have played the kamala pop up drinking game every time she stands and claps smugly we all take a shot we would have all sounded like biden by the end,1,NEUTRAL
usa is doomed if we have 4 more years of this,1,NEGATIVE
i commented on a bunch of your comments to try wake you guys up that fox news has been lying to you my comments have been deleted,1,NEUTRAL
biden the clown n obama the liar whata team,1,NEGATIVE
sadly the world watched this idiot spew his ridiculous lies,1,NEGATIVE
tell me where these new jobs are so i can apply,1,NEUTRAL
dont people see who he really is wake up humans,1,NEUTRAL
a 21 increase in corporation taxes increase what we pay for every product at the register by 21 do people and biden not know that when you raise corporation taxes you raise the pricetax americansconsumers pay at the cash register on every product we buy when you increase corporation taxes,1,NEUTRAL
he cant find the stage,1,NEUTRAL
so many absolute morons in these comments your gop is in free fall and its delicious to watch,1,POSITIVE
can someone take him to the old folks home and get his diaper changed,1,NEGATIVE
he looks soabsent,1,NEUTRAL
uniparty,1,NEUTRAL
jan 6th darkest of days 20142019 mostly peaceful lick my nuts biden,1,NEGATIVE
he slurred from the very beginning,1,NEUTRAL
such a liar he taught the 2nd amendment for 12 years really they hopped him up on drugs and he still cant speak,1,NEGATIVE
hahahahahaso much fun reading the comment section you can tell the cult are rattled butbutbutsleepy joe cant give speecheshes too old and confused these facts are hurting we prefer the orange idol dumb down speechso we can understand,1,NEGATIVE
its truly a mystery those that clap and scream for him have they been living in another country that didnt have a radio or television or internet biden thinks the affordable care act is good heres the problem almost no doctor hospital or lab will accept it and its expensive,1,NEUTRAL
fjb,1,NEUTRAL
we are a republic not a democracy this man his pills be slippin,1,NEUTRAL
the predecessor 2024,1,NEUTRAL
it looks like a retirement home,1,NEUTRAL
well that sotu was methed up,1,NEUTRAL
how many humas murderers crosses our open border nobody knows but guarantee their here,1,NEUTRAL
grand slam bless you president biden you earned my vote sharp as a tack,1,POSITIVE
the republicans are supporting communism whats going on here booooooooooo gop,1,NEGATIVE
read by 3rd grade its quite late by then,1,NEUTRAL
so by staying and not going home is he telling us hes stupid,1,NEUTRAL
it sounds like an elementary school booooo yaaaaa clap clap clap boooo yaaaaaa jeeze,1,NEUTRAL
good morning sir please to meet you today keep it and going on sir,1,NEUTRAL
when did he teach the second amendment for 12 years,1,NEUTRAL
it would be a historic day to see the first american president to go to prison for treason and corruption,1,NEUTRAL
that is such a weird behavior in the beginning,1,NEUTRAL
so is the blm riots the antifa and fbi agents that were proven to have pushed people into the capital are what exactly thats not political violence and a blatant insurrection but some people walked around the capital when they were let inside after antifa pushed the gates down and ran to the door and thats an insurrection right,1,NEUTRAL
total political rally and the only one hell ever have because these are the only people that cheer for him ever put them in front of a crowd and all theyll do is heckle him which is why he will never do any type of rally,1,NEUTRAL
is this for real im cutting the deficit by another trillion dollars by making corporations wealthier,1,NEUTRAL
you can tell the bigger lies by kamala harris standing to applaudhow do you know when biden is lying hes talking,1,NEUTRAL
since when do you socialize before a state of the union address and wires everybody bending over and talking to him like hes a little kid oh thats right because he acts like one i thought he was going to walk in with an ice cream cone,1,NEGATIVE
this was not the state of the union address it was more like a campaign speech biden i dare you to get up and debate with president trump i dont think you can do it because youre worthless weak,1,NEGATIVE
я никогда не предам сша я никогда не предам европу и никогда вы должны это слышать никогда я не предам украину,1,NEUTRAL
what a bafoon,1,NEGATIVE
who cares about lower prescription costs when we are being invaded with millions of people getting free money food and places to live that are rasing are taxes we already are losing half our pay checks to taxes lower cost on prescription dont matter if our country gets destroyed by a 3rd world war or we are killed by migrant crimes get your priority in order joe people arent as dumb as you think,1,NEGATIVE
the reptilian next to the speaker exposed herself a few times during jeckyl s speech,1,NEUTRAL
whatever they pumped biden full of for this speech i want some,1,POSITIVE
its hilarious that all the sudden biden claims to be worried about the border when this problem started 5 years ago all the sudden now hes worried right before the election what a joke a political farse,1,NEUTRAL
how can the leader of america stand up there and lie to the american people the people in that room know he is full of bs most people at home watching also know he is full of crap some people at home are watching with a blanket on and candles lit because they cant afford their bills due to bidenomics thanks joe for taking half our paychecks to give it to aliens that hate us and wish us harm and contribute nothing to society but waste,1,NEGATIVE
he say bunch of lies last night on thursday night,1,NEGATIVE
how many clones do they have of this guy lol why cant he debate trump if he can talk like this why doesnt he sound like the other 95 of the time if you cant debate your opponent you damm sure cant protect this country from other countries that hate us,1,NEUTRAL
biden foolish old man im surprised he could stay awake,1,NEGATIVE
i tried watching this video but i cant this man is such an asshat he opens his speech by talking about a foreign war we have no business funding i dont know if hes the worst president in history but hes got to be top 3,1,NEGATIVE
not 45 minutes into the speech of lies his dose of amphetamines is starting to running out he begins stumbling and slurring words,1,NEGATIVE
i had to turn it off i cant stand even looking at that idiot,1,NEGATIVE
blah blah blah,1,NEUTRAL
but he said the most correct if not the only accurate thing he will say during the entirety historyiswatching and so is god,1,POSITIVE
this is supposed to be the state of the union not the state of the ukraine,1,NEUTRAL
i found it very hateful and i dont know what drugs hes on but thats all hes doing is screaming and lying and thats my opinion,1,NEGATIVE
lies lies and more lies,1,NEGATIVE
from what i see in this circus president putin has nothing to worry about,1,NEUTRAL
ive never seen so much evil straight from hell in one room,1,NEGATIVE
some women should not wear white,1,NEUTRAL
another perfectly appropos opportunity to use one of my favorite elf quotes you sit on a throne of lies,1,POSITIVE
i believe this is the most people that have ever showed for a biden rally,1,POSITIVE
i cannot believe that i used to be a democrat i do not stand for anything this man or the democratic party stands for the only thing i feel theyre doing very well is destroying our beautiful country god help us,1,NEGATIVE
joe sounds like he hit a line of cocaine that was found in the white house,1,NEGATIVE
why the hell is nagging nancy pelosi there what is her title again,1,NEUTRAL
most of what he said was pretty based regardless of how mentally unfit he is,1,POSITIVE
a threat to democracy is a weak incompetent president like joe biden who has allowed thousands upon thousands of deaths in the us he says that legals are killing eachother but yet he has done nothing to stop that either like what get him out of here seriously he has to go,1,NEGATIVE
andleave alabama out of this malarkey,1,NEUTRAL
we are taking water and tossing it on fires outside our country while our fire burns more violent every day focus on the american people and our needs first,1,POSITIVE
god just look at camila bro she is literally waiting for the opportunity for joe to pass away so she can step in and run this country down to the ground even more,1,NEGATIVE
i just threw up in my mouth a little,1,NEGATIVE
nothing hes saying makes sense,1,NEUTRAL
the lying machine in action,1,NEGATIVE
mean angry and just so out of touch,1,NEGATIVE
the majority of the state of union address was about trying to blame and attack president trump instead of telling the truth about biden and the lefts horrific and destructive policies republicans should have stood up and walked out of the building the moment the first lie came out of bidens mouth i saw speaker johnson shake his head so many times in complete disgust because of joes dishonest and delusionally insanè statements and i too felt embarrassed from having to listen to such blatant lies from such a foolish corrupt and incompetent commanderinchief democrats have become morally bankrupt reprobates like romans 11832 describes and ppl on the left are incapable of being honest and upright and its why america is crumbling to pieces,1,NEGATIVE
in the book of revelation the united states of america once mighty lost its hold its reign of power now a distant past,1,NEUTRAL
trump 2024 biden has destroyed our country,1,NEGATIVE
this man is a walking zombie shame on anyone who reward his incompetence with another four years to do even more damage to our economy and our social structure,1,NEGATIVE
pathetic uninspiring very divisive no way your going to be reelected,1,NEGATIVE
i would rather watch someone have hemorrhoid surgery than watch his entire speech,1,NEGATIVE
kamala looks like a seal dog applauding,1,NEUTRAL
lies,1,NEUTRAL
he dont give a dam about our country embarrassing president ever wake up america we need our future president trump back 2024 he will make america proud again president trump will take back our country we dont want sleepy joe 4 more years horrible president in the history,1,NEGATIVE
he forgot to bring the ice cream machine,1,POSITIVE
when they say x is a threat to our democracy what they really mean is x is a threat to democrats being in power they act like they are the only party that should run this nation disgusting,1,NEUTRAL
alot of seels,1,NEUTRAL
what planet does this guy live on what a buffoon,1,NEGATIVE
if i were smart id go home now so true,1,NEUTRAL
hes right americans are under attack read deuteronomy in your bible and understand these illegal immigrants are here for one reason and one reason only to serve the black master in destroying america i dont believe this is joe biden,1,NEGATIVE
having your own baby murdered isnt healthcare and it isnt reproductive rights,1,NEUTRAL
holy crap hunter has him turned right up,1,POSITIVE
and why is steve scalise trailing behind this imbecile smiling and acting so giddythis entire government body has become a club of crooks designed to rob the we the people of not only our hard earned money but now of our god given freedoms this corruption and deception of we the people cannot continue as it has under clinton bush obama and the worst last 3 years ever this nothing more than a stagethe largest hypocrite ever prop joe biden along with several of those top villains wearing black robesand we cannot leave out the biggest joke of all vp harris so seriously pathetic unprecedented how much these socalled leaders have hurt our great nation overall god help us if joe biden is shoe horned into office another 4 years,1,OTHER
putinists in full attendence here in these comments the denail here is epic,1,NEUTRAL
sounds more like a campaign speech than a state of the union,1,NEUTRAL
junk fees are annoying but isnt there a difference between making a purchase with a convenience fee tacked on at the end of a transactions and credit card companies charging a late fee that is more than what it costs to instigate collection one is deceptive pricing just include the fee in the price which makes sense to regulate especially in the case of a monopoly like ticketmaster the other is in your credit card agreement known from day one its even called an agreement credit card companies arent moral paragons or anything but it is a business we should normalize not signing agreements and contracts we dont understand rather than having the government regulating what companies do that consumers agree to,1,NEUTRAL
the only danger to democracy is you and your diseased party,1,NEUTRAL
sadly 51 of the population if not more are idiots and will actually vote this idiot back in office,1,NEUTRAL
they say they are going to raise taxes on billionaires but normally they way they do that is by taxing the ways that they usually make money business owner vs employee what ends up happening is small businesses pay a higher corporate tax rate while the billionaires democrats say they are going after have the best lawyers and accountants who can exploit the ever increasing loopholes in the increasingly complicated tax code when biden says working people it is safe to assume he means people who file a w2 and millionaires and billionaires or the wealthy can safely be assumed to mean business owners,1,NEUTRAL
biden is an idiot,1,NEGATIVE
all lies hows the drug problem in usa employment everything is going down hunter biden is making lots of money in china billions of dollars is being spent to ukraine while the americans doesnt even have family benefits now i believe fentanyl makes you talk too much,1,NEGATIVE
dont try and steal this election either joe you are not our president you have done nothing good for this country people are worse off than ever and our country is in danger because of our border situation,1,NEGATIVE
this man is a disgrace and completely sickening abortion is not treatment,1,NEGATIVE
yay lets go brandon lets go brandon lets go brandon lets go brandon,1,POSITIVE
joe says give me your money so i can choose how to spend it,1,NEUTRAL
all those people cheering him on are really pathetic,1,NEGATIVE
sounded more like a wish list than a state of the union address,1,NEUTRAL
amazing what some uppers can do for a guy,1,NEUTRAL
all lies,1,NEGATIVE
wait people clap for him,1,NEUTRAL
not what farmers say sorry thats false,1,NEUTRAL
after voting for trump twice i will never do it again i wasnt going to vote this time around but after this speech it has me thinking about voting for biden dont like the guy but i hate how much trump whines and complains and only talks about himself he failed to deliver on any policies he made promises on during the campaign i regret giving him a second chance in 2020 and voting for him trump should have let viv become the candidate,1,POSITIVE
voted for trump twice not a biden fan but i have to give him credit when due he delivered the speech well we need to stop hating the other side and start spending time trying to find a middle ground ever since trump came into politics full grown adults are acting like little kids its okay to disagree and we should disagree but the name calling and each side calling each other unamerican needs to stop just because someone has liberal or conservative views doesnt make them unamerican we all are american my party has really disappointed me lately its lost focus on the country and become a party of trump instead of a party for america we all need to do better,1,NEUTRAL
biden the great divider,1,NEGATIVE
last night was a sad frustrating and despicable display of brash diabolical politics for the nation and the world to witness watching the democrats bounce up and down supporting a socialist and corrupt dictator was a national disgrace and embarrassing to watch there was no message for unification but simply a disgraceful delivery of nonsensical and unrelated issues,1,NEGATIVE
he hide in the basement and won the election just think hes out he should win in in a landslide joe biden 2024 go get them joe,1,POSITIVE
im speechless the first thing he mentioned is ukraine funding he is so delusional,1,NEGATIVE
what a joke america is toast,1,NEGATIVE
what a joke,1,NEUTRAL
i find it funny all comments are turned off with cnn and the white house page they know theyd get cooked on every platform they will lose,1,POSITIVE
and his very first comment about trump is an out of context quote used as a lie,1,NEUTRAL
looks like a geriatric convention nothing but projection and lies kackling kamala is definitely high again,1,NEGATIVE
sounds like joe gotta into hunters stash before the speech still wasnt enough to make him sound any more coherent,1,NEGATIVE
as far as the republicanj response i would rather had someone else anyone else deliver the republican response this was a shallow delivery this was a weak response even the context of the speach was lacking republicans need to do better than that i do not know who wrote this rebuttal but they did a terrible job i cannot believe this was a response to one one of the most important times in american history this was the response for the worst president in american history give me a break,1,NEGATIVE
bidens middle east policies have turned god against america the bible says god said those who protect isreal god will protect them those who appose israel god will appose them this is why america is on a decline and until we turn back to protecting israel we will continue to decline,1,POSITIVE
how much meth do you think they got him on for this,1,NEGATIVE
president biden you aced the state of the union tonite,1,POSITIVE
dictator,1,NEGATIVE
mtglove her,1,NEUTRAL
the clapping is disgusting to me it hurts my heart that people are backing this up theyre such such takers they are not givers theyre not good people they can see whats happening and they know whats happening and they dont care because its not happening to them,1,NEGATIVE
sit down,1,NEUTRAL
the federal deficit was increased by government spending joes spending,1,NEUTRAL
so now were all gonna have to pay for everyone to get a tutor sorry joe i decided not to have kids i already pay for the broken public education system im not paying for someone elses private tutoring,1,NEUTRAL
bragging about fixing your own mess,1,NEUTRAL
wheres hunter at the white house snorting coke,1,NEUTRAL
he has had four years to fix the high cost of prescription drugs what the hell did he do i talked to a fella today that said his wife is paying 400 a month for one prescription empty promises,1,NEGATIVE
same company same drug same place except he was talking about moscow and berlin which are of course different places,1,NEUTRAL
history is watching our economy go in the toilet,1,POSITIVE
biden is such a huge piece of garbage,1,NEGATIVE
biteunomics biteunomics at its best is ruining the country,1,NEUTRAL
cant even watch this idiot,1,NEGATIVE
hes ready to fix the border send him the bill so he can stop suing texas for enforcing border protection,1,POSITIVE
why is he shouting through this whole speech,1,NEUTRAL
its scary that they want 4 more years of this puppet,1,NEGATIVE
instead of raising the taxes on billionaires quit with all of the pork in your bills hidden in 4k page bills i for one couldnt care less about the transgender studies in taiwan,1,NEUTRAL
a effin clown show at the very least,1,NEGATIVE
karmala has no children,1,NEUTRAL
we dont want your money we want a real president,1,NEUTRAL
wow taking credit for 15m jobs in 3 years after losing 22m jobs when he shut the country down for fauci,1,POSITIVE
too bad they didnt have abortion rights 82 years ago,1,POSITIVE
i truly cant understand what hes saying,1,NEUTRAL
fjb,1,NEUTRAL
illegitimate and puppet president god save america,1,NEGATIVE
not voting for biden hes selling america off little by little in my world things are not better,1,NEGATIVE
were in a modern zeitgeist where the jester is the king,1,NEUTRAL
where are all these jobs new small businesses oh right ukraine,1,NEUTRAL
gun control that governments want is always the predecessor to the peoples loss of freedom and the end of their rights being respected,1,NEUTRAL
i really wish i could see any of these great things he said hes done the only one that i think ive seen is indeed there is only half a snickers bar where you still pay the old price lol thanks joe for fighting for our rites in the battle of junk food wars,1,NEUTRAL
this was by far the weakest and saddest and most incompetent state of the union ever this mans a puppet barely breathing bragging about their mistakes worst president of my lifetime he is still proving it guys we need to do better like 5 years ago,1,NEGATIVE
they must have given him a ritalin b12 and cocaine booster shot,1,NEGATIVE
the worst criminal politician of our time or maybe ever biden just step down or go to prison,1,NEGATIVE
try telling michelle obama you cant love your country only when you win,1,POSITIVE
imagine unironically chanting four more years,1,POSITIVE
since numbnuts has been in office are home payment has risen 50000,1,POSITIVE
i would love to know what cocktail of drugs they are giving him,1,NEGATIVE
sorry i cant watch this lie,1,NEGATIVE
lie lielielie one after another this dude has diarrhea of the mouth,1,NEGATIVE
most asinine politician in american history get him out,1,NEGATIVE
biden lower than dirt,1,NEGATIVE
thats another pack of lies what is he talking about my wifes medicines have gone only up her deductions have gone up dont let this flimflam man clown you hes doing nothing but telling one lie after another,1,NEGATIVE
blasphemer close your mouth,1,NEUTRAL
what a shame opens the border and tells us we need to do something he didnt say anything about all the migrants all over these sanctuary cities that democrats wanted so bad,1,NEGATIVE
sorry trump 2024 duh,1,NEUTRAL
i kind of thought some superstars coming in i mean the insurance is awesome reassuring and totally groundbreaking thank you jesus dont have to worry now,1,POSITIVE
joe biden my butts been wiped democrats,1,NEUTRAL
vote for biden is a vote for the end wake up,1,POSITIVE
why would he need to cut the credit card late fees from 3200 to 800 if the economy is booming and citizens are better off than before he was president just sayin,1,NEUTRAL
i can almost see what is going through kamalas head my if joe gets reelected that will mean that i will be the first woman president,1,POSITIVE
joe biden spit it out just say you need some more money,1,POSITIVE
you are watching the worlds greatest bs show the man can hardly can hold his head up as he is walking in and they flatter him as if he understands whats going on the best when they scream and clap 4 more years what a joke thank gd this is all being recorded so the many generations that will come will have a sad laugh at these lowlife idiots,1,NEGATIVE
jan 6 was not an insurrection no one has had charges brought against them to that effect there have been no convictions for insurrection,1,NEUTRAL
biden how many more babies have you blown up,1,NEGATIVE
ching ching ching ching ching,1,NEUTRAL
he has been given a cocktail of b12 and something,1,NEUTRAL
how biden can tell those lies with a straight face is just beyond me he has somehow convinced himself hes telling the truth he wouldnt know the truth if it fell on him and i hope it does the democrats have to be defeated no matter what the cost he is worse than putin shee or kim un or the frickin iatolla they have to be stopped,1,NEGATIVE
ladies and gentlemen i present u the guy whos defending and standing with war criminal and genocide,1,NEUTRAL
i cant watch this anymore lies he says nothing about laken murdered in athens by a criminal illegal aliens nothing,1,NEGATIVE
he lied about the social secuity remark,1,NEUTRAL
he will be judged soon,1,NEUTRAL
what does this have to do with america stop the border crossing say her name laken riley,1,NEUTRAL
ukraine ukraine ukraine,1,NEUTRAL
you dont need more border patrol just close the border,1,NEUTRAL
an incoherent pack of lies told by a lawless man claiming to be president truly disgraceful why didnt the republicans walk out as soon as he started talking and when asked why say im not here to listen to a rally speech given by a lying idiot,1,NEGATIVE
sickening lies and more lies no more years,1,NEGATIVE
i can understand people voted this old man are so disappointed now,1,NEUTRAL
marjorie is the best,1,POSITIVE
sorry im not stupid this isnt joe biden he cant read a teleprompter much less naw,1,NEUTRAL
booooooo fjb lies lies lies he actually thinks he dose good he needs help,1,NEGATIVE
well i wasnt very encouraged by biden prior to this speech but after watching this in its entirety yeah no way im voting for this old man windbag sorry not a chance,1,NEGATIVE
i though this was supposed to be a state of the union addressi tried had to quit watching what a joke,1,NEGATIVE
the irish fire huh,1,NEUTRAL
speaker of the house disagrees with his inflation remark,1,NEUTRAL
the one thing that was evident tonight is that biden has a diminished capacity at talking he slurred his words and on cue blamed trump and republicans for everything he even mis pronounced laken riley called her lincoln he needs to go,1,NEGATIVE
he dont want conflict with china cause he wont get those biden checks,1,NEUTRAL
democrats getting boycotted,1,NEUTRAL
meanwhile the orange conman met with one of the worlds worst scumbags whoever cant see the contrast is surely blind,1,NEGATIVE
trump 2024,1,NEUTRAL
fjb u go to hell,1,NEGATIVE
i dont see hom reading from a teleprompter how much is he improvising,1,NEUTRAL
this man is not mentally challenged its all a big act so he cant be held accountable he put on a big act of being feeble minded but the truth is he wants 4 more year to steal more,1,NEGATIVE
weve always had clean safe water to drink nothing biden did hes approximately 60 years too late,1,NEUTRAL
and these idiot chant 4 more year they love to wallow in dodo and get rich all the while you are footing the bill and your nation goes into decline,1,NEGATIVE
he is lying about uvalde that was a hoax,1,NEUTRAL
anyone else would be better,1,NEUTRAL
what a bunch of malarkey did everyone watch mikes face while biden spewed lies,1,NEGATIVE
wake up america you can plainly see the faces that make up congress is this who you want making law for you and running your government remember who the real people are who created the nation not idiots like these people who are standing on our forefathers shoulders and peeing down their bad trust me its not raining wake up and put a stop to loosing control or our great nation,1,POSITIVE
it is time for separation a national divorce now,1,NEUTRAL
you have to be joking,1,NEUTRAL
tf,1,NEUTRAL
fjb you make me puke every day you liar,1,NEGATIVE
its a miracle he did not fel asleep in between,1,POSITIVE
you go ms greene,1,POSITIVE
biden is ready to fix the border after 3 years,1,POSITIVE
whats he doing giving a lesson in history,1,NEUTRAL
all the bs that came out of his mouth this clown is a joke to america,1,NEGATIVE
biden is lying lyin joe vote trump,1,NEGATIVE
im very looking forward to when he croaks,1,NEGATIVE
a fig for lincoln a fig for fdr and a fig for biden the worst presidents in history war mongering at its best how stupid does this fool think we are,1,NEGATIVE
did he say he beat the winner,1,NEUTRAL
cut the bs and let us hear what you have to say for your self and how many times its trps fault all the noise is stupid people,1,NEUTRAL
need to cut bidens pay if youd cut the pay of all those officials in half it would cover our national debt trump never took a salary when he was in office,1,NEUTRAL
my god he looks halfdead i can hardly wait to hear some more lies and horsesht lets see how stupid he thinks we are,1,NEGATIVE
if you just kept trumps border policy the invasion of our country did not happen,1,NEUTRAL
so many lies,1,NEGATIVE
you wont see biden for a while he is going to have a post high crash when the drugs they pumped him up with wear off,1,NEGATIVE
thats not the real biden thats an ai robot biden no way does he go from dopey sleepy to this,1,NEUTRAL
joe biden is full of crap,1,NEGATIVE
vote 2024 with trump before was better than now and in trump administration everything would be better for our future trump put americans first lets make america great again,1,POSITIVE
lie after the lie he looks confused i wont waste my vote on this man,1,NEGATIVE
3433 shsia ffffaa rhaaa,1,NEUTRAL
joe you care about ukraine you dont care about your american,1,NEGATIVE
no they cant,1,NEUTRAL
we the people want heads these are not americans,1,NEUTRAL
he said nothing significant,1,NEUTRAL
i thought i was watching rich little doing stand up,1,POSITIVE
he nailed it and maga babies knew it,1,POSITIVE
there are no new elements in the speech,1,NEUTRAL
majority of these fools are so old,1,NEUTRAL
how can the speaker just sit there and say nothing shame on him,1,POSITIVE
go marjorie,1,POSITIVE
got to start buying vote now,1,NEUTRAL
in case some of yall cant see it the dislikes are currently 12k,1,NEUTRAL
im a democrat and id rather vote for trump than biden,1,POSITIVE
how about the city that got shut down by train wreck there is still in dire straits,1,NEUTRAL
where is meely mouth mitch,1,NEUTRAL
ive heard so many lies its hard to watch he makes my skin crawl creepy joekeep him away from smelling little girls hair,1,NEGATIVE
whisper to us joe,1,POSITIVE
they raised the debt lying again,1,NEUTRAL
no way could i even begin to stomach listening to this bulhit president socalled wanna be leader i might vomit all over the floor it doesnt matter whatever he says is stupidity and ignorance,1,NEGATIVE
this creep has never held a job besides politics he has no clue to what the working american has to do every day to keep above water to survive he wants 4more yearsgod help us we would be finished for sure cant wait for nov,1,NEGATIVE
and now people on social security have to taxes on their social security,1,NEUTRAL
now we know who had the cocain in the white housepretty sure was some in the white house tonight,1,NEUTRAL
magat tears have flooded this thread where did the gop get that ai robot in the green dress for their response cringy,1,NEUTRAL
all lies an more lies this administration has done nothing all talk,1,NEGATIVE
this wasnt a state of the union address it was a campaign speech full of hate vitriol and lies,1,NEGATIVE
the usgovernment and europe are preparing for a new war this is another warspeach in front of a crazy crowd trump needs to take over and stop this regards from germany,1,POSITIVE
vote blue keep the cult out,1,POSITIVE
if u send me to congress huh joe ur running for president,1,POSITIVE
mrpresident time to go to bed nowgood night,1,POSITIVE
end the scourge against women in america does this mean they finally know what a woman is,1,POSITIVE
fjb,1,NEUTRAL
pelosi and schumacher look like their going to pee their pant,1,NEUTRAL
where is felon trump in prison or still in court bleach man,1,POSITIVE
so sadelderly abuse i am really embarrassed as an americanthe whole world is laughing watching the circus,1,NEGATIVE
i remember when people could not stand george w because of the way he pronounced nuclear one word,1,NEUTRAL
no more year,1,NEUTRAL
embarrassing,1,NEGATIVE
thatwas utterly embarrassing,1,NEGATIVE
history is watching how you are destroying the value of usa,1,NEGATIVE
he talked about billions from companies and we have a 1 trillion ever 3 month problem,1,NEUTRAL
trump i agree with you,1,POSITIVE
lets go brandon,1,POSITIVE
liar is going to lose,1,NEGATIVE
he really started with jan 6th then say we must speak the truth pathetic i just cant thanks foxnews but i can not take him anymore,1,NEGATIVE
,1,NEUTRAL
would like to see a random drug test on brandon fjb,1,NEUTRAL
what a joke,1,NEUTRAL
this man told so many lies in this speech he wouldnt know what truth is,1,NEGATIVE
omg biden give me headache just listening to him,1,NEGATIVE
what a disgrace to our nation,1,NEGATIVE
you all are talking about lies without citing one thing that he said you are so brainwashed,1,NEUTRAL
bidenlie only we have to way to remove biden is to old to be a president he looks like mummy,1,NEGATIVE
where are these 100k jobs with no college degree,1,NEUTRAL
typical yt is burying comments again,1,NEUTRAL
worst president ever and cabinet they should all be ashamed of themselves for destroying this country,1,NEGATIVE
joe has an ear piece,1,NEUTRAL
actions speak louder than words as always they lie and promise without delivering look around you and youll know what the democratic party really wants mass illegal immigration to take jobs sew chaos having us welcome a policesurveillance state with open arms to be safe from the thousands of criminals hes all but rolled out a red carpet for they care nothing for americans,1,NEGATIVE
biden gets all his kick backs from ukraine so do many democrats,1,NEUTRAL
this guy is a legend he is 13 the age of the usa,1,POSITIVE
irf millions of people from around the world and desdly drugs can make it easily through thr border this is not the time to ban assault weapons or the black market and gangs will have them imagine rhe outcome,1,NEUTRAL
what a complete waste of time and tax payers money,1,NEGATIVE
osama bin biden,1,NEGATIVE
what a disgusting lying piece of crap he belongs in an institution not the white house worst president in history,1,NEGATIVE
gtb instead of gdp 14606 this is why our country is fed up,1,NEUTRAL
joe biden is 100 full of bologna,1,NEGATIVE
the longer we collectively put up with this treasonous dogshit the longer it will happen,1,NEGATIVE
we might as well communism in our futureif he is reelected,1,NEGATIVE
sorry laken died but so do thousands,1,NEUTRAL
no genocide joe for me,1,POSITIVE
marjori you dont have a 2024 cap,1,NEUTRAL
biden is a dictator,1,NEGATIVE
joe biden is so distant from america and especially all american citizens problems and needs its actually sad to see how low america has fallen with joe biden his democrat woke politicians administration government that dont even know what america needs are especially whats important to american citizens like the protection america and of israel,1,NEGATIVE
i just came over to look at these people who forbid me buying bioshock in my country,1,NEUTRAL
we picked bernie both times,1,NEUTRAL
that sad shell of what was possibly human at some point in time couldnt tie his shoes unless they where children hair flavored ice cream cones and people think he runs america bahaha the war is comming be ready the people arent gonna stand for this for much longer god bless america,1,NEGATIVE
the unpatriotic americans on fox spin news are furious that president biden proved that he has the mind of a very healthy 18 years young man,1,POSITIVE
this is nothing more than a freak show sad thing is sleepy joe believes his lies he is one of the most pathetic presidents ever weak soggy wet backbone our economy is not the envy of the world what is he snorting,1,NEGATIVE
id rather watch the horribly not funny extremely political woke snl,1,NEUTRAL
he is not a liartrump is a liar,1,NEUTRAL
he has some redbull and double shot camala,1,POSITIVE
back off trump fans theyre gonna be war watch yourself,1,NEUTRAL
bumble ramble blame others lie gaslight gatekeepers gaffe stumble what a twat,1,NEGATIVE
joe is a grouchy old senile man who has so many puppet strings pulling him in ten different directions hes so tangled he will say and promise anything to bribe a vote from any race gender or age group joe has got to go,1,NEGATIVE
047,1,NEUTRAL
he is a great president in the world better than trump trump is a loser go biden,1,POSITIVE
biden is the greatest republican president of my lifetime,1,POSITIVE
biden is doing the work of satan and revels in it this is what we get by having career politicians who camp out in dc for decades and become so out of touch fjb britt is right on 100,1,NEGATIVE
lmao 46k likes 11k dislikes,1,NEUTRAL
both sides are bought and paid for by corporate american wake up american,1,NEUTRAL
id like to know what drugs they had him on tonight for him to be able to get through that entire speech something hes been unable to do for yrs granite the speech was bulshit all memorized lies are we going to have a show factchecking him for all his claims and his statements tonight,1,NEGATIVE
more of the same destruction of the united states of america the state of destruction,1,NEGATIVE
we going to boned in joe bidens lies,1,NEGATIVE
